Workbook

Sheet Comps
A1: Figma | B1: =TRIM(A1)=A1 -> TRUE
A2: Notion | B2: =TRIM(A2)=A2 -> TRUE
A3: Databricks | B3: =TRIM(A3)=A3 -> TRUE
A4: Klaviyo | B4: =TRIM(A4)=A4 -> TRUE
A5: Stripe | B5: =TRIM(A5)=A5 -> TRUE
A6: MongoDB | B6: =TRIM(A6)=A6 -> TRUE
A7: Snowflake | B7: =TRIM(A7)=A7 -> TRUE
A8: Coinbase | B8: =TRIM(A8)=A8 -> TRUE
A9: OpenAI | B9: =TRIM(A9)=A9 -> TRUE
A10: Relativity | B10: =TRIM(A10)=A10 -> TRUE
A11: Outreach | B11: =TRIM(A11)=A11 -> TRUE

Sheet Entries
A1: [ | B1: {=OR(A1=Comps!$A$1:$A$11)} -> FALSE
A2: { | B2: {=OR(A2=Comps!$A$1:$A$11)} -> FALSE
A3: "company": "Anthropic", | B3: {=OR(A3=Comps!$A$1:$A$11)} -> FALSE
A4: "platform": "greenhouse", | B4: {=OR(A4=Comps!$A$1:$A$11)} -> FALSE
A5: "slug": "anthropic" | B5: {=OR(A5=Comps!$A$1:$A$11)} -> FALSE
A6: }, | B6: {=OR(A6=Comps!$A$1:$A$11)} -> FALSE
A7: { | B7: {=OR(A7=Comps!$A$1:$A$11)} -> FALSE
A8: "company": "PolyAI", | B8: {=OR(A8=Comps!$A$1:$A$11)} -> FALSE
A9: "platform": "greenhouse", | B9: {=OR(A9=Comps!$A$1:$A$11)} -> FALSE
A10: "slug": "polyai" | B10: {=OR(A10=Comps!$A$1:$A$11)} -> FALSE
A11: }, | B11: {=OR(A11=Comps!$A$1:$A$11)} -> FALSE
A12: { | B12: {=OR(A12=Comps!$A$1:$A$11)} -> FALSE
... A427: ] | B427: {=OR(A427=Comps!$A$1:$A$11)} -> FALSE

Sheet all
A1: [
A2: {
A3: "company": "Figma",
A4: "platform": "greenhouse",
A5: "slug": "figma"
A6: },
A7: {
A8: "company": "Notion",
A9: "platform": "ashby",
A10: "slug": "notion"
A11: },
A12: {
... A482: ]

Sheet Comps-2
A1: Company
A2: Ada
A3: Airtable
A4: Aleph Alpha
A5: Amplemarket
A6: Anthropic
A7: Arize AI
A8: Attio
A9: Black Forest Labs
A10: Bland AI
A11: Boomi
A12: Causaly
... A97: Zapier

Sheet Sheet6
B1: [
B2: {
A3: Retool | B3: "company": "Retool", | C3: {=OR(A3='Comps-2'!$A$1:$A$97)} -> FALSE
A4: websearch | B4: "platform": "websearch", | C4: {=OR(A4='Comps-2'!$A$1:$A$97)} -> FALSE
A5: retool | B5: "slug": "retool" | C5: {=OR(A5='Comps-2'!$A$1:$A$97)} -> FALSE
B6: }, | C6: {=OR(A6='Comps-2'!$A$1:$A$97)} -> FALSE
B7: { | C7: {=OR(A7='Comps-2'!$A$1:$A$97)} -> FALSE
A8: LivePerson | B8: "company": "LivePerson", | C8: {=OR(A8='Comps-2'!$A$1:$A$97)} -> FALSE
A9: websearch | B9: "platform": "websearch", | C9: {=OR(A9='Comps-2'!$A$1:$A$97)} -> FALSE
A10: liveperson | B10: "slug": "liveperson" | C10: {=OR(A10='Comps-2'!$A$1:$A$97)} -> FALSE
B11: }, | C11: {=OR(A11='Comps-2'!$A$1:$A$97)} -> FALSE
B12: { | C12: {=OR(A12='Comps-2'!$A$1:$A$97)} -> FALSE
A13: Talkdesk | B13: "company": "Talkdesk", | C13: {=OR(A13='Comps-2'!$A$1:$A$97)} -> FALSE
A14: websearch | B14: "platform": "websearch", | C14: {=OR(A14='Comps-2'!$A$1:$A$97)} -> FALSE
A15: talkdesk | B15: "slug": "talkdesk" | C15: {=OR(A15='Comps-2'!$A$1:$A$97)} -> FALSE
B16: }, | C16: {=OR(A16='Comps-2'!$A$1:$A$97)} -> FALSE
B17: { | C17: {=OR(A17='Comps-2'!$A$1:$A$97)} -> FALSE
A18: Twilio | B18: "company": "Twilio", | C18: {=OR(A18='Comps-2'!$A$1:$A$97)} -> FALSE
A19: websearch | B19: "platform": "websearch", | C19: {=OR(A19='Comps-2'!$A$1:$A$97)} -> FALSE
A20: twilio | B20: "slug": "twilio" | C20: {=OR(A20='Comps-2'!$A$1:$A$97)} -> FALSE
B21: }, | C21: {=OR(A21='Comps-2'!$A$1:$A$97)} -> FALSE
B22: { | C22: {=OR(A22='Comps-2'!$A$1:$A$97)} -> FALSE
A23: Dialpad | B23: "company": "Dialpad", | C23: {=OR(A23='Comps-2'!$A$1:$A$97)} -> FALSE
A24: websearch | B24: "platform": "websearch", | C24: {=OR(A24='Comps-2'!$A$1:$A$97)} -> FALSE
A25: dialpad | B25: "slug": "dialpad" | C25: {=OR(A25='Comps-2'!$A$1:$A$97)} -> FALSE
B26: }, | C26: {=OR(A26='Comps-2'!$A$1:$A$97)} -> FALSE
B27: { | C27: {=OR(A27='Comps-2'!$A$1:$A$97)} -> FALSE
A28: Gong | B28: "company": "Gong", | C28: {=OR(A28='Comps-2'!$A$1:$A$97)} -> FALSE
A29: websearch | B29: "platform": "websearch", | C29: {=OR(A29='Comps-2'!$A$1:$A$97)} -> FALSE
A30: gong | B30: "slug": "gong" | C30: {=OR(A30='Comps-2'!$A$1:$A$97)} -> FALSE
B31: }, | C31: {=OR(A31='Comps-2'!$A$1:$A$97)} -> FALSE
B32: { | C32: {=OR(A32='Comps-2'!$A$1:$A$97)} -> FALSE
A33: Genesys | B33: "company": "Genesys", | C33: {=OR(A33='Comps-2'!$A$1:$A$97)} -> FALSE
A34: websearch | B34: "platform": "websearch", | C34: {=OR(A34='Comps-2'!$A$1:$A$97)} -> FALSE
A35: genesys | B35: "slug": "genesys" | C35: {=OR(A35='Comps-2'!$A$1:$A$97)} -> FALSE
B36: }, | C36: {=OR(A36='Comps-2'!$A$1:$A$97)} -> FALSE
B37: { | C37: {=OR(A37='Comps-2'!$A$1:$A$97)} -> FALSE
A38: Salesforce | B38: "company": "Salesforce", | C38: {=OR(A38='Comps-2'!$A$1:$A$97)} -> FALSE
A39: websearch | B39: "platform": "websearch", | C39: {=OR(A39='Comps-2'!$A$1:$A$97)} -> FALSE
A40: salesforce | B40: "slug": "salesforce" | C40: {=OR(A40='Comps-2'!$A$1:$A$97)} -> FALSE
B41: }, | C41: {=OR(A41='Comps-2'!$A$1:$A$97)} -> FALSE
B42: { | C42: {=OR(A42='Comps-2'!$A$1:$A$97)} -> FALSE
A43: Langfuse | B43: "company": "Langfuse", | C43: {=OR(A43='Comps-2'!$A$1:$A$97)} -> FALSE
A44: websearch | B44: "platform": "websearch", | C44: {=OR(A44='Comps-2'!$A$1:$A$97)} -> FALSE
A45: langfuse | B45: "slug": "langfuse" | C45: {=OR(A45='Comps-2'!$A$1:$A$97)} -> FALSE
B46: }, | C46: {=OR(A46='Comps-2'!$A$1:$A$97)} -> FALSE
B47: { | C47: {=OR(A47='Comps-2'!$A$1:$A$97)} -> FALSE
A48: Cognigy | B48: "company": "Cognigy", | C48: {=OR(A48='Comps-2'!$A$1:$A$97)} -> FALSE
A49: websearch | B49: "platform": "websearch", | C49: {=OR(A49='Comps-2'!$A$1:$A$97)} -> FALSE
A50: cognigy | B50: "slug": "cognigy" | C50: {=OR(A50='Comps-2'!$A$1:$A$97)} -> FALSE
B51: }, | C51: {=OR(A51='Comps-2'!$A$1:$A$97)} -> FALSE
B52: { | C52: {=OR(A52='Comps-2'!$A$1:$A$97)} -> FALSE
A53: Make.com | B53: "company": "Make.com", | C53: {=OR(A53='Comps-2'!$A$1:$A$97)} -> FALSE
A54: websearch | B54: "platform": "websearch", | C54: {=OR(A54='Comps-2'!$A$1:$A$97)} -> FALSE
A55: make | B55: "slug": "make" | C55: {=OR(A55='Comps-2'!$A$1:$A$97)} -> FALSE
B56: }, | C56: {=OR(A56='Comps-2'!$A$1:$A$97)} -> FALSE
B57: { | C57: {=OR(A57='Comps-2'!$A$1:$A$97)} -> FALSE
A58: Semios | B58: "company": "Semios", | C58: {=OR(A58='Comps-2'!$A$1:$A$97)} -> FALSE
A59: workable | B59: "platform": "workable", | C59: {=OR(A59='Comps-2'!$A$1:$A$97)} -> FALSE
A60: semios | B60: "slug": "semios" | C60: {=OR(A60='Comps-2'!$A$1:$A$97)} -> FALSE
B61: }, | C61: {=OR(A61='Comps-2'!$A$1:$A$97)} -> FALSE
B62: { | C62: {=OR(A62='Comps-2'!$A$1:$A$97)} -> FALSE
A63: Hugging Face | B63: "company": "Hugging Face", | C63: {=OR(A63='Comps-2'!$A$1:$A$97)} -> FALSE
A64: workable | B64: "platform": "workable", | C64: {=OR(A64='Comps-2'!$A$1:$A$97)} -> FALSE
A65: huggingface | B65: "slug": "huggingface" | C65: {=OR(A65='Comps-2'!$A$1:$A$97)} -> FALSE
B66: }, | C66: {=OR(A66='Comps-2'!$A$1:$A$97)} -> FALSE
B67: { | C67: {=OR(A67='Comps-2'!$A$1:$A$97)} -> FALSE
A68: Zep AI | B68: "company": "Zep AI", | C68: {=OR(A68='Comps-2'!$A$1:$A$97)} -> FALSE
A69: websearch | B69: "platform": "websearch", | C69: {=OR(A69='Comps-2'!$A$1:$A$97)} -> FALSE
A70: zep | B70: "slug": "zep" | C70: {=OR(A70='Comps-2'!$A$1:$A$97)} -> FALSE
B71: }, | C71: {=OR(A71='Comps-2'!$A$1:$A$97)} -> FALSE
B72: { | C72: {=OR(A72='Comps-2'!$A$1:$A$97)} -> FALSE
A73: Maxim AI | B73: "company": "Maxim AI", | C73: {=OR(A73='Comps-2'!$A$1:$A$97)} -> FALSE
A74: websearch | B74: "platform": "websearch", | C74: {=OR(A74='Comps-2'!$A$1:$A$97)} -> FALSE
A75: getmaxim | B75: "slug": "getmaxim" | C75: {=OR(A75='Comps-2'!$A$1:$A$97)} -> FALSE
B76: }, | C76: {=OR(A76='Comps-2'!$A$1:$A$97)} -> FALSE
B77: { | C77: {=OR(A77='Comps-2'!$A$1:$A$97)} -> FALSE
A78: OpenAI | B78: "company": "OpenAI", | C78: {=OR(A78='Comps-2'!$A$1:$A$97)} -> TRUE
A79: websearch | B79: "platform": "websearch", | C79: {=OR(A79='Comps-2'!$A$1:$A$97)} -> FALSE
A80: openai | B80: "slug": "openai" | C80: {=OR(A80='Comps-2'!$A$1:$A$97)} -> TRUE
B81: } | C81: {=OR(A81='Comps-2'!$A$1:$A$97)} -> FALSE
B82: ] | C82: {=OR(A82='Comps-2'!$A$1:$A$97)} -> FALSE
